{
  "id": "3622147",
  "name": "xinYue",
  "font_family": "iconfont",
  "css_prefix_text": "icon-",
  "description": "",
  "glyphs": [
    {
      "icon_id": "145438",
      "name": "搜索",
      "font_class": "sousuo3",
      "unicode": "e62f",
      "unicode_decimal": 58927
    },
    {
      "icon_id": "1249047",
      "name": "勾",
      "font_class": "gou1",
      "unicode": "e608",
      "unicode_decimal": 58888
    },
    {
      "icon_id": "8288980",
      "name": "勾",
      "font_class": "gou",
      "unicode": "e867",
      "unicode_decimal": 59495
    },
    {
      "icon_id": "17540927",
      "name": "查找",
      "font_class": "chazhao",
      "unicode": "edcb",
      "unicode_decimal": 60875
    },
    {
      "icon_id": "145451",
      "name": "视频",
      "font_class": "shipin",
      "unicode": "e63b",
      "unicode_decimal": 58939
    },
    {
      "icon_id": "1527861",
      "name": "音乐",
      "font_class": "yinle",
      "unicode": "e623",
      "unicode_decimal": 58915
    },
    {
      "icon_id": "3267400",
      "name": "留言",
      "font_class": "liuyan",
      "unicode": "e614",
      "unicode_decimal": 58900
    },
    {
      "icon_id": "17541034",
      "name": "首页",
      "font_class": "shouye",
      "unicode": "edd4",
      "unicode_decimal": 60884
    },
    {
      "icon_id": "17541039",
      "name": "我的",
      "font_class": "wode",
      "unicode": "edd9",
      "unicode_decimal": 60889
    },
    {
      "icon_id": "17541043",
      "name": "分类",
      "font_class": "fenlei",
      "unicode": "eddc",
      "unicode_decimal": 60892
    },
    {
      "icon_id": "17541054",
      "name": "点赞",
      "font_class": "dianzan",
      "unicode": "ede7",
      "unicode_decimal": 60903
    },
    {
      "icon_id": "17541057",
      "name": "标签",
      "font_class": "biaoqian",
      "unicode": "edea",
      "unicode_decimal": 60906
    },
    {
      "icon_id": "17541059",
      "name": "喜欢",
      "font_class": "xihuan",
      "unicode": "edec",
      "unicode_decimal": 60908
    },
    {
      "icon_id": "17541061",
      "name": "相册",
      "font_class": "xiangce",
      "unicode": "edee",
      "unicode_decimal": 60910
    },
    {
      "icon_id": "6536705",
      "name": "导航",
      "font_class": "daohang1",
      "unicode": "e656",
      "unicode_decimal": 58966
    },
    {
      "icon_id": "32101964",
      "name": "左对齐",
      "font_class": "zuoduiqi",
      "unicode": "e6b9",
      "unicode_decimal": 59065
    },
    {
      "icon_id": "32102208",
      "name": "修改",
      "font_class": "xiugai",
      "unicode": "e6bc",
      "unicode_decimal": 59068
    },
    {
      "icon_id": "32102250",
      "name": "下载2",
      "font_class": "xiazai2",
      "unicode": "e6c0",
      "unicode_decimal": 59072
    },
    {
      "icon_id": "32102294",
      "name": "添加文件",
      "font_class": "tianjiawenjian",
      "unicode": "e6c1",
      "unicode_decimal": 59073
    },
    {
      "icon_id": "32102303",
      "name": "添加1",
      "font_class": "tianjia1",
      "unicode": "e6c3",
      "unicode_decimal": 59075
    },
    {
      "icon_id": "32102397",
      "name": "搜索",
      "font_class": "sousuo2",
      "unicode": "e6c7",
      "unicode_decimal": 59079
    },
    {
      "icon_id": "32102515",
      "name": "删除2",
      "font_class": "shanchu2",
      "unicode": "e6d0",
      "unicode_decimal": 59088
    },
    {
      "icon_id": "32102626",
      "name": "关闭1",
      "font_class": "guanbi1",
      "unicode": "e6d6",
      "unicode_decimal": 59094
    },
    {
      "icon_id": "32102643",
      "name": "更多1",
      "font_class": "gengduo1",
      "unicode": "e6d9",
      "unicode_decimal": 59097
    },
    {
      "icon_id": "32102680",
      "name": "复选",
      "font_class": "fuxuan",
      "unicode": "e6da",
      "unicode_decimal": 59098
    },
    {
      "icon_id": "2462874",
      "name": "音乐",
      "font_class": "icon-test",
      "unicode": "e674",
      "unicode_decimal": 58996
    },
    {
      "icon_id": "4544046",
      "name": "导航",
      "font_class": "daohang",
      "unicode": "e604",
      "unicode_decimal": 58884
    },
    {
      "icon_id": "2076214",
      "name": "暂停",
      "font_class": "zanting",
      "unicode": "e87a",
      "unicode_decimal": 59514
    },
    {
      "icon_id": "2076218",
      "name": "播放2",
      "font_class": "bofang",
      "unicode": "e87c",
      "unicode_decimal": 59516
    },
    {
      "icon_id": "8341784",
      "name": "上一首",
      "font_class": "shangyishou",
      "unicode": "e63c",
      "unicode_decimal": 58940
    },
    {
      "icon_id": "8341786",
      "name": "下一首",
      "font_class": "xiayishou",
      "unicode": "e63e",
      "unicode_decimal": 58942
    },
    {
      "icon_id": "11372700",
      "name": "声音",
      "font_class": "shengyin",
      "unicode": "e8b8",
      "unicode_decimal": 59576
    },
    {
      "icon_id": "30460595",
      "name": "星星 空",
      "font_class": "a-xingxingkong",
      "unicode": "e625",
      "unicode_decimal": 58917
    },
    {
      "icon_id": "5387555",
      "name": "新增导航列表",
      "font_class": "xinzengdaohangliebiao",
      "unicode": "eaff",
      "unicode_decimal": 60159
    },
    {
      "icon_id": "8817897",
      "name": "增加添加加号",
      "font_class": "zengjiatianjiajiahao",
      "unicode": "e62a",
      "unicode_decimal": 58922
    },
    {
      "icon_id": "9577732",
      "name": "问号",
      "font_class": "wenhao",
      "unicode": "e69b",
      "unicode_decimal": 59035
    },
    {
      "icon_id": "9713068",
      "name": "评论",
      "font_class": "pinglun4",
      "unicode": "e687",
      "unicode_decimal": 59015
    },
    {
      "icon_id": "1424",
      "name": "电话",
      "font_class": "dianhua",
      "unicode": "e601",
      "unicode_decimal": 58881
    },
    {
      "icon_id": "577345",
      "name": "客服",
      "font_class": "kefu",
      "unicode": "e741",
      "unicode_decimal": 59201
    },
    {
      "icon_id": "5387465",
      "name": "客服",
      "font_class": "kefu1",
      "unicode": "eada",
      "unicode_decimal": 60122
    },
    {
      "icon_id": "4599462",
      "name": "大于符号",
      "font_class": "dayufuhao",
      "unicode": "e62b",
      "unicode_decimal": 58923
    },
    {
      "icon_id": "975307",
      "name": "登录",
      "font_class": "denglu",
      "unicode": "e62e",
      "unicode_decimal": 58926
    },
    {
      "icon_id": "7090030",
      "name": "登录",
      "font_class": "denglu1",
      "unicode": "e70a",
      "unicode_decimal": 59146
    },
    {
      "icon_id": "11276901",
      "name": "搜索",
      "font_class": "sousuo1",
      "unicode": "e616",
      "unicode_decimal": 58902
    },
    {
      "icon_id": "9122168",
      "name": "搜索",
      "font_class": "sousuo",
      "unicode": "e65e",
      "unicode_decimal": 58974
    },
    {
      "icon_id": "1149403",
      "name": "排行榜",
      "font_class": "paixingbang",
      "unicode": "e6c5",
      "unicode_decimal": 59077
    },
    {
      "icon_id": "1841666",
      "name": "电台",
      "font_class": "diantai",
      "unicode": "e621",
      "unicode_decimal": 58913
    },
    {
      "icon_id": "6866631",
      "name": "直播",
      "font_class": "zhibo",
      "unicode": "e600",
      "unicode_decimal": 58880
    },
    {
      "icon_id": "11372680",
      "name": "排行榜",
      "font_class": "paihangbang",
      "unicode": "e8b3",
      "unicode_decimal": 59571
    },
    {
      "icon_id": "11372739",
      "name": "直播",
      "font_class": "zhibo1",
      "unicode": "e8c1",
      "unicode_decimal": 59585
    },
    {
      "icon_id": "11391498",
      "name": "歌单",
      "font_class": "gedan",
      "unicode": "e636",
      "unicode_decimal": 58934
    },
    {
      "icon_id": "17542037",
      "name": "每日推荐",
      "font_class": "tuijian",
      "unicode": "e629",
      "unicode_decimal": 58921
    },
    {
      "icon_id": "20784233",
      "name": "歌单",
      "font_class": "gedan1",
      "unicode": "e6bf",
      "unicode_decimal": 59071
    },
    {
      "icon_id": "595349",
      "name": "评论",
      "font_class": "pinglun",
      "unicode": "e607",
      "unicode_decimal": 58887
    },
    {
      "icon_id": "1170172",
      "name": "评论",
      "font_class": "pinglun1",
      "unicode": "e662",
      "unicode_decimal": 58978
    },
    {
      "icon_id": "2076265",
      "name": "评论",
      "font_class": "pinglun2",
      "unicode": "e891",
      "unicode_decimal": 59537
    },
    {
      "icon_id": "20342417",
      "name": "评论",
      "font_class": "pinglun3",
      "unicode": "e671",
      "unicode_decimal": 58993
    }
  ]
}
